Id,Category
images/1128022.jpg,5569981
images/1194025.jpg,6293841
images/1211042.jpg,5942362
images/1255046.jpg,5831542
images/1279015.jpg,6230258
images/1406034.jpg,6152976
images/1414095.jpg,5942362
images/1612017.jpg,5942362
images/1616045.jpg,5942362
images/1834014.jpg,6266630
images/1863028.jpg,5587543
images/1963029.jpg,6293841
images/2033014.jpg,5713413
images/2124025.jpg,5831542
images/2257024.jpg,5942362
images/2321023.jpg,6432391
images/2520020.jpg,5942362
images/2569015.jpg,6219361
images/2583015.jpg,5942362
images/2593011.jpg,6152976
images/2766023.jpg,5942362
images/2835026.jpg,6219361
images/2860014.jpg,5554445
images/2881034.jpg,5554445
images/2897019.jpg,6109225
images/3009018.jpg,5911712
images/3127038.jpg,6230258
images/3369014.jpg,6230258
images/3375021.jpg,6152976
images/3426020.jpg,5597972
images/3458026.jpg,6109225
images/3499020.jpg,5942362
images/3522016.jpg,5942362
images/3565018.jpg,5666714
images/3585044.jpg,6230258
images/3747038.jpg,6031709
images/3778031.jpg,6573530
images/3812024.jpg,5942362
images/3820031.jpg,6432391
images/3837038.jpg,6189742
images/3841020.jpg,5861947
images/3955027.jpg,5569981
images/4005026.jpg,5942362
images/4049016.jpg,5657590
images/4118016.jpg,5942362
images/4277039.jpg,5657590
images/4318014.jpg,6293841
images/4320022.jpg,5554445
images/4414041.jpg,6152976
images/4580039.jpg,5652218
images/4961015.jpg,5942362
images/5010051.jpg,6189742
images/5026012.jpg,6152976
images/5045020.jpg,5942362
images/5121011.jpg,5873163
images/5183017.jpg,6230258
images/5219016.jpg,6266630
images/5293018.jpg,6152976
images/5419018.jpg,5942362
images/5523035.jpg,6230258
images/5623023.jpg,6109225
images/5675023.jpg,5942362
images/5687019.jpg,5587543
images/5839013.jpg,5942362
images/5878016.jpg,5554445
images/5937041.jpg,6109225
images/6051013.jpg,5554445
images/6071012.jpg,5942362
images/6493053.jpg,6230258
images/6520030.jpg,6219361
images/6578017.jpg,5911712
images/6929012.jpg,6432391
images/7073029.jpg,5652218
images/7083017.jpg,6432391
images/7121051.jpg,6152976
images/7127034.jpg,6152976
images/7165018.jpg,6152976
images/7203019.jpg,6109225
images/7223019.jpg,6432391
images/7403024.jpg,5587543
images/7410026.jpg,6152976
images/7419018.jpg,6109225
images/7458016.jpg,5942362
images/7488053.jpg,6152976
images/7565017.jpg,6152976
images/7583012.jpg,5652218
images/7623022.jpg,5713413
images/7629016.jpg,6432391
images/7742017.jpg,6109225
images/7771014.jpg,5942362
images/7815071.jpg,5942362
images/7824023.jpg,5675606
images/7976014.jpg,6432391
images/8058012.jpg,5657590
images/8181045.jpg,6432391
images/8199036.jpg,5942362
images/8219020.jpg,5587543
images/8362015.jpg,5554445
images/8801015.jpg,6230258
images/8996053.jpg,5613764
